Rank,Restaurant_Name,Link_details,Price,Address,Wepsite
1,Monteverde,https://www.chicagomag.com/chicago-magazine/august-2024/50-best-restaurants/monteverde/,$$$,1020 W. Madison St.,https://monteverdechicago.com
2,Oriole,https://www.chicagomag.com/chicago-magazine/august-2024/50-best-restaurants/oriole/,$$$$$,661 W. Walnut St.,https://www.oriolechicago.com
3,Galit,https://www.chicagomag.com/chicago-magazine/august-2024/50-best-restaurants/galit/,$$$$,2429 N. Lincoln Ave.,https://www.galitrestaurant.com
4,Avec,https://www.chicagomag.com/chicago-magazine/august-2024/50-best-restaurants/avec/,$$$,615 W. Randolph St. | 141 W. Erie St.,https://www.avecrestaurant.com
5,Kasama,https://www.chicagomag.com/chicago-magazine/august-2024/50-best-restaurants/kasama/,$$$$$,1001 N. Winchester Ave.,https://www.kasamachicago.com
6,Virtue,https://www.chicagomag.com/chicago-magazine/august-2024/50-best-restaurants/virtue/,$$$,1462 E. 53rd St.,https://www.virtuerestaurant.com
7,HaiSous Vietnamese Kitchen,https://www.chicagomag.com/chicago-magazine/august-2024/50-best-restaurants/haisous-vietnamese-kitchen/,$$$,1800 S. Carpenter St.,https://www.haisous.com
8,Shaw’s Crab House,https://www.chicagomag.com/chicago-magazine/august-2024/50-best-restaurants/shaws-crab-house/,$$$,21 E. Hubbard St.,https://www.shawscrabhouse.com/chicago-illinois
9,Dear Margaret,https://www.chicagomag.com/chicago-magazine/august-2024/50-best-restaurants/dear-margaret/,$$$,2965 N. Lincoln Ave,https://www.dearmargaretchi.com
10,Boka,https://www.chicagomag.com/chicago-magazine/august-2024/50-best-restaurants/boka/,$$$$$,1729 N. Halsted St.,https://www.bokachicago.com
11,Kyoten/Kyoten Next Door,https://www.chicagomag.com/chicago-magazine/august-2024/50-best-restaurants/kyoten-kyoten-next-door/,$$$$$,"Kyoten, 2507 W. Armitage Ave.; Kyoten Next Door, 2513 W. Armitage Ave.",https://kyotenchicago.com
12,Hermosa Restaurant,https://www.chicagomag.com/chicago-magazine/august-2024/50-best-restaurants/hermosa-restaurant/,$$$,4356 W. Armitage Ave.,https://www.hermosarestaurant.com
13,Warlord,https://www.chicagomag.com/chicago-magazine/august-2024/50-best-restaurants/warlord/,$$$$,3198 N. Milwaukee Ave.,https://warlordchicago.com
14,Elske,https://www.chicagomag.com/chicago-magazine/august-2024/50-best-restaurants/elske/,$$$$,1350 W. Randolph St.,https://elskerestaurant.com
15,John’s Food & Wine,https://www.chicagomag.com/chicago-magazine/august-2024/50-best-restaurants/johns-food-and-wine/,$$$,2114 N. Halsted St.,https://www.johnsfoodandwine.com
16,El Che Steakhouse & Bar,https://www.chicagomag.com/chicago-magazine/august-2024/50-best-restaurants/el-che-steakhouse-and-bar/,$$$$,845 W. Washington Blvd.,https://www.elchechicago.com
17,Ever,https://www.chicagomag.com/chicago-magazine/august-2024/50-best-restaurants/ever/,$$$$$,1340 W. Fulton St.,https://www.ever-restaurant.com
18,Obélix,https://www.chicagomag.com/chicago-magazine/august-2024/50-best-restaurants/obelix/,$$$$,700 N. Sedgwick St.,https://www.obelixchicago.com
19,Sepia,https://www.chicagomag.com/chicago-magazine/august-2024/50-best-restaurants/sepia/,$$$,123 N. Jefferson St.,https://www.sepiachicago.com
20,Lula Cafe,https://www.chicagomag.com/chicago-magazine/august-2024/50-best-restaurants/lula-cafe/,$$$,2537 N. Kedzie Blvd.,https://www.lulacafe.com
21,Bungalow by Middle Brow,https://www.chicagomag.com/chicago-magazine/august-2024/50-best-restaurants/bungalow-by-middle-brow/,$$,2840 W. Armitage Ave.,https://www.middlebrowbeer.com
22,Atelier,https://www.chicagomag.com/chicago-magazine/august-2024/50-best-restaurants/atelier/,$$$$$,4835 N. Western Ave.,https://www.atelier-chicago.com
23,La Chaparrita Grocery,https://www.chicagomag.com/chicago-magazine/august-2024/50-best-restaurants/la-chaparrita-grocery/,$,2500 S. Whipple St.,https://www.facebook.com/LaChaparritaGrocery.1
24,Perilla,https://www.chicagomag.com/chicago-magazine/august-2024/50-best-restaurants/perilla/,$$$$,401 N. Milwaukee Ave.,https://perillachicago.com
25,Superkhana International,https://www.chicagomag.com/chicago-magazine/august-2024/50-best-restaurants/superkhana-international/,$$$,3059 W. Diversey Ave.,https://www.superkhanachicago.com
26,Birrieria Zaragoza,https://www.chicagomag.com/chicago-magazine/august-2024/50-best-restaurants/birrieria-zaragoza/,$,4852 S. Pulaski Rd. | 4800 N. Broadway,https://www.birrieriazaragoza.com
27,Lem’s Bar-B-Q,https://www.chicagomag.com/chicago-magazine/august-2024/50-best-restaurants/lems-bar-b-q/,$,311 E. 75th St.,https://lemsque.com
28,Indienne,https://www.chicagomag.com/chicago-magazine/august-2024/50-best-restaurants/indienne/,$$$$$,217 W. Huron St.,https://www.indiennechicago.com
29,Demera,https://www.chicagomag.com/chicago-magazine/august-2024/50-best-restaurants/demera/,$$,4801 N. Broadway,https://www.demerachicago.com
30,The Loyalist,https://www.chicagomag.com/chicago-magazine/august-2024/50-best-restaurants/the-loyalist/,$$$,177 N. Ada St,https://www.smythandtheloyalist.com
31,JT’s Genuine Sandwich Shop,https://www.chicagomag.com/chicago-magazine/august-2024/50-best-restaurants/jts-genuine-sandwich-shop/,$,3970 N. Elston Ave.,https://jtsgenuine.com
32,The Duck Inn,https://www.chicagomag.com/chicago-magazine/august-2024/50-best-restaurants/the-duck-inn/,$$$,2701 S. Eleanor St.,https://theduckinnchicago.com
33,Mitsuwa Marketplace Food Court,https://www.chicagomag.com/chicago-magazine/august-2024/50-best-restaurants/mitsuwa-marketplace-food-court/,$,100 E. Algonquin Rd.,https://mitsuwa.com/ch
34,Lilac Tiger,https://www.chicagomag.com/chicago-magazine/august-2024/50-best-restaurants/lilac-tiger/,$$,1742 W. Division St.,https://lilactigerchi.com
35,Bavette’s Bar & Boeuf,https://www.chicagomag.com/chicago-magazine/august-2024/50-best-restaurants/bavettes-bar-and-boeuf/,$$$$$,218 W. Kinzie St.,https://bavettessteakhouse.com
36,Ocean Grill and Bar,https://www.chicagomag.com/chicago-magazine/august-2024/50-best-restaurants/ocean-grill-and-bar/,$$$,1826 S. Canal St.,https://oceangrillbarchicago.com
37,Daisies,https://www.chicagomag.com/chicago-magazine/august-2024/50-best-restaurants/daisies/,$$$,2375 N. Milwaukee Ave.,https://www.daisieschicago.com
38,Roux,https://www.chicagomag.com/chicago-magazine/august-2024/50-best-restaurants/roux/,$$,1055 E. 55th St.,https://rouxdiner.com
39,S.K.Y.,https://www.chicagomag.com/chicago-magazine/august-2024/50-best-restaurants/sky/,$$$,1239 W. 18th St.,https://www.skyrestaurantchicago.com
40,Schwa,https://www.chicagomag.com/chicago-magazine/august-2024/50-best-restaurants/schwa/,$$$$$,1466 N. Ashland Ave.,https://schwarestaurant.com
41,Boeufhaus,https://www.chicagomag.com/chicago-magazine/august-2024/50-best-restaurants/boeufhaus/,$$$$,1012 N. Western Ave.,https://www.boeufhaus.com
42,New Village Gastro Pub,https://www.chicagomag.com/chicago-magazine/august-2024/50-best-restaurants/new-village-gastro-pub/,$$,3566 Milwaukee Ave.,https://www.newvillagepub.com
43,Bayan Ko,https://www.chicagomag.com/chicago-magazine/august-2024/50-best-restaurants/bayan-ko/,$$$,1810 W. Montrose Ave.,https://bayankochicago.com
44,Noon-O-Kabab,https://www.chicagomag.com/chicago-magazine/august-2024/50-best-restaurants/noon-o-kabab/,$$,4701 N. Kedzie Ave. | 242 Green Bay Rd.,https://www.noonokabab.com
45,Spacca Napoli,https://www.chicagomag.com/chicago-magazine/august-2024/50-best-restaurants/spacca-napoli/,$$,1769 W. Sunnyside Ave.,https://www.spaccanapolipizzeria.com
46,Shanghai Terrace,https://www.chicagomag.com/chicago-magazine/august-2024/50-best-restaurants/shanghai-terrace/,$$$$$,108 E. Superior St.,https://www.peninsula.com/en/chicago/hotel-fine-dining/shanghai-terrace-cantonese
47,Daisy’s Po-Boy and Tavern,https://www.chicagomag.com/chicago-magazine/august-2024/50-best-restaurants/daisys-po-boy-and-tavern/,$$,5215 S. Harper Ave.,https://www.daisyspoboychicago.com
48,Dolo Restaurant and Bar,https://www.chicagomag.com/chicago-magazine/august-2024/50-best-restaurants/dolo-restaurant-and-bar/,$$,2222 S. Archer Ave.,https://www.dolorestaurant.com
49,Redhot Ranch,https://www.chicagomag.com/chicago-magazine/august-2024/50-best-restaurants/redhot-ranch/,$,3057 N. Ashland Ave. | 2449 W. Armitage Ave. | 500 W. 35th St.,https://www.redhotranchchicago.com
50,Immm Rice & Beyond,https://www.chicagomag.com/chicago-magazine/august-2024/50-best-restaurants/immmrice-and-beyond/,$,4949 N. Broadway,https://immmchicago.com
